{
  "upload_type": "publication",
  "publication_type": "article",
  "title": "Time Dilation in a 3D Superfluid Æther Model",
  "creators": [
    {
      "name": "Iskandarani, Omar",
      "affiliation": "Independent Researcher, Groningen, The Netherlands",
      "orcid": "0009-0006-1686-3961"
    }
  ],
  "description": "This article presents a vortex-based reformulation of relativistic time dilation. By modeling space as an incompressible, inviscid 3D superfluid æther, the study derives time dilation laws using vortex core angular velocity instead of spacetime curvature. Clocks are represented as stable rotating vortex cores in the æther, and both special and general relativistic effects are recovered from fluid dynamic principles. The model produces a unified dilation formula involving the relative motion between the vortex and æther flow, suggesting a fluid-mechanical alternative to Einsteinian curvature with experimental implications.",
  "license": "cc-by-4.0",
  "keywords": [
    "time dilation",
    "vortex æther model",
    "relativity",
    "superfluid vacuum",
    "fluid dynamics",
    "gravitational redshift",
    "vortex theory",
    "quantum gravity"
  ],
  "publication_date": "2025-05-26",
  "language": "eng",
  "related_identifiers": [
    {
      "identifier": "https://github.com/bg-omar/VAM",
      "relation": "isSupplementTo",
      "resource_type": "software"
    },
    {
      "identifier": "https://github.com/bg-omar/VAM/releases/tag/v0.1",
      "relation": "isIdenticalTo"
    }
  ],
  "communities": [
    {
      "identifier": "nuclear-quantum-gravity"
    }
  ],
  "notes": "This is Part 1 of the Vortex Æther Model series. A Dutch version titled \"Tijdsdilatatie in een 3D Superfluïde Æther Model\" is also available."
}
