{
  "title": "Einstein and the Æther",
  "upload_type": "publication",
  "publication_type": "article",
  "description": "This paper re-examines Einstein’s evolving perspective on the æther, showing that he did not abolish the concept but redefined it within the framework of General Relativity. Drawing on historical lectures and writings by Einstein, Maxwell, Kelvin, Tait, and Helmholtz, the paper traces the continuity of the æther concept into the 21st century. It introduces the Vortex Æther Model (VAM) as a modern, testable fluid-mechanical theory of space, time, and gravitation, grounded in vorticity conservation, topological stability, and thermodynamic constraints.",
  "creators": [
    {
      "name": "Iskandarani, Omar",
      "affiliation": "Independent Researcher, Groningen, The Netherlands",
      "orcid": "0009-0006-1686-3961"
    }
  ],
  "keywords": [
    "æther",
    "Einstein",
    "Vortex Æther Model",
    "vorticity",
    "fluid dynamics",
    "time dilation",
    "topological matter",
    "Kelvin",
    "Helmholtz",
    "Maxwell",
    "knot theory"
  ],
  "license": "cc-by",
  "publication_date": "2025-05-26",
  "language": "eng",
  "related_identifiers": [
    {
      "identifier": "https://github.com/bg-omar/VAM",
      "relation": "isSupplementTo",
      "resource_type": "software"
    }
  ],
  "communities": [
    {
      "identifier": "nuclear-quantum-gravity"
    }
  ],
  "version": "v1.0",
  "access_right": "open"
}
