{
  "title": "Revisiting the Æther: From Einstein to the Vortex Fluid Paradigm",
  "upload_type": "publication",
  "publication_type": "article",
  "description": "This paper reexamines Einstein’s evolving concept of the æther, arguing that he did not abolish it but redefined it as a structured medium within general relativity. Drawing on historical perspectives and theoretical developments, it introduces the Vortex Æther Model (VAM)—a modern, topological fluid dynamics approach where gravity, inertia, and time emerge from conserved vorticity in a superfluid-like substrate. The framework is mathematically rigorous, experimentally testable, and aligned with recent developments in analog and emergent gravity.",
  "creators": [
    {
      "name": "Iskandarani, Omar",
      "affiliation": "Independent Researcher, Groningen, The Netherlands",
      "orcid": "0009-0006-1686-3961"
    }
  ],
  "keywords": [
    "æther",
    "Einstein",
    "Vortex Æther Model",
    "vorticity",
    "fluid dynamics",
    "time dilation",
    "topological matter",
    "Kelvin",
    "Helmholtz",
    "Maxwell",
    "knot theory",
    "emergent gravity",
    "analog gravity",
    "structured space",
    "time dilation"
  ],
  "license": "cc-by-4.0",
  "publication_date": "2025-05-26",
  "language": "eng",
  "related_identifiers": [
    {
      "identifier": "https://github.com/bg-omar/VAM",
      "relation": "isSupplementTo",
      "resource_type": "software"
    },
    {
      "identifier": "10.5281/zenodo.16419255",
      "relation": "isPartOf",
      "resource_type": "publication"
    }
  ],
  "communities": [
    {
      "identifier": "nuclear-quantum-gravity"
    }
  ],
  "version": "v1.0",
  "access_right": "open"
}
