{
  "title": "Swirl Clocks and Vorticity-Induced Gravity",
  "upload_type": "publication",
  "publication_type": "article",
  "description": "This paper reformulates general relativity through fluid mechanics using the Vortex Æther Model (VAM). It shows how time dilation, mass, and gravity emerge from pressure gradients caused by structured vorticity in an incompressible, inviscid superfluid. The model replaces spacetime curvature with vortex dynamics and introduces quantized circulation, Bernoulli time dilation, and vortex-induced redshift as physical observables. Experimental analogs are proposed using superfluids and rotating systems.",
  "creators": [
    {
      "name": "Iskandarani, Omar",
      "orcid": "0009-0006-1686-3961",
      "affiliation": "Independent Researcher, Groningen, The Netherlands"
    }
  ],
  "keywords": [
    "Vortex Æther Model",
    "Time Dilation",
    "Vorticity",
    "Bernoulli Gravity",
    "Superfluid Analogs",
    "Topological Fluid Mechanics"
  ],
  "language": "eng",
  "license": "cc-by",
  "publication_date": "2025-05-26",
  "related_identifiers": [
    {
      "identifier": "https://github.com/bg-omar/VAM",
      "relation": "isSupplementTo",
      "resource_type": "software"
    },
    {
      "identifier": "https://github.com/bg-omar/VAM/releases/tag/v0.1",
      "relation": "isIdenticalTo"
    }
  ],
  "communities": [
    { "identifier": "nuclear-quantum-gravity" }
  ],
  "notes": "This work is part of the Vortex Æther Model (VAM) publication series and extends the dynamical reinterpretation of relativistic effects using vorticity fields in a superfluid medium."
}
